index,score
0,0.9831693480425362
1,0.927377512626999
2,0.7516107651020485
3,0.9507971063693207
4,0.7972010560200853
5,0.9840210113369174
6,0.7619706629416292
7,0.28918944656931467
8,0.9554712546941454
9,0.6889079895108414
10,0.9787981640299027
11,0.8718011415822502
12,0.9284836713901503
13,0.8813703734869239
14,0.9232650171045269
15,0.12944342595716085
16,0.7954027802463284
17,0.11415678114529837
18,0.5214152926319242
19,0.2291449627298081
20,0.9219187490677851
21,0.19160528949957234
22,0.519361404911282
23,0.9886830042002076
24,0.9860990664290331
25,0.5608184271575959
26,0.9882573700876369
27,0.8690310687592925
28,0.11455060519707849
29,0.9609061656827564
30,0.9068018120701271
31,0.9652757764301958
32,0.9569113048941156
33,0.9662560872641257
34,0.6602322329465855
35,0.9197387762281023
36,0.6381859386242293
37,0.8307618201585958
38,0.867129625055839
39,0.56093717439564
40,0.6833148861847905
41,0.9857870928965976
42,0.5966541867305861
43,0.9258292627183446
44,0.14038462082408298
45,0.9773417820827637
46,0.8514219885586213
47,0.7895407176222067
48,0.5646615471180538
49,0.9435589592093212
50,0.5417551159312575
51,0.44542223438916606
52,0.10789113928385974
53,0.6507117118798823
54,0.9811463356388704
55,0.9921480925699437
56,0.7621157978034064
57,0.2585751872464954
58,0.7799765586495679
59,0.38039026970547984
60,0.11653299950386864
61,0.5086520759896747
62,0.9905104362001476
63,0.7346093467077635
64,0.6015831942112404
65,0.17429812267982825
66,0.7518116307465783
67,0.99113953972239
68,0.7605793348471328
69,0.7693963177478162
70,0.963677780442778
71,0.8821466113866877
72,0.6309261806205949
73,0.5993160047129793
74,0.7931650540633033
75,0.649650416032296
76,0.6314537028411482
77,0.8882813629778873
78,0.6182140407438198
79,0.9660641518923474
80,0.759818963942801
81,0.9932825421607208
82,0.980982998471375
83,0.9853672548201418
84,0.320776589995442
85,0.9900320121579458
86,0.5584343018587326
87,0.18625652469991338
88,0.9429941190815783
89,0.885372849828129
90,0.7759034583995038
91,0.9741326906819573
92,0.8811599525604401
93,0.7860917783239321
94,0.9864616913519985
95,0.9546955310393097
96,0.9905752379155188
97,0.9456798064003987
98,0.6541355363798504
99,0.951669266512183
100,0.8930082156743887
101,0.9854624614539221
102,0.9837462197300929
103,0.5852276723193428
104,0.9130085571223093
105,0.6055082876928366
106,0.42285563502772616
107,0.7999502271895853
108,0.8084996891243511
109,0.9727567339894434
110,0.7561239966948646
111,0.9668483589067594
112,0.9487876993330782
113,0.9764177120486808
114,0.9137994732333439
115,0.5971380851586464
116,0.9708631730012428
117,0.952143797052387
118,0.9166729490864259
119,0.697358645813948
120,0.918043404933265
121,0.7737547523642938
122,0.9805957685809394
123,0.5648024269892672
124,0.9925034732422555
125,0.9712207613065527
126,0.7685650723620001
127,0.8364567597932738
128,0.8876144482245896
129,0.678966245231079
130,0.9842918314533765
131,0.9772487909592188
132,0.6466651289389435
133,0.9657729022095286
134,0.7788951814119361
135,0.9909827430902123
136,0.9407214551522793
137,0.9145719649592422
138,0.9153410551596074
139,0.7720136390885306
140,0.7810313507554848
141,0.6751556497817536
142,0.8235070106105936
143,0.9862332148382055
144,0.8622317150042522
145,0.9786251425045953
146,0.8877857709378782
147,0.995275610198381
148,0.9867740238721775
149,0.9356752704876224
150,0.5951930930392476
151,0.9765962104395903
152,0.9009427471734822
153,0.8691577251687896
154,0.9649931579478208
155,0.16432088035940096
156,0.9510210482339304
157,0.9535976046923779
158,0.5260236635608135
159,0.49966787226676546
160,0.9933690535642528
161,0.9604644111768578
162,0.261719503618031
163,0.9256704765318691
164,0.952520683827157
165,0.34571815461410615
166,0.8456494860205167
167,0.6467328311795115
168,0.9772887125645056
169,0.41109208031389555
170,0.9912367088534719
171,0.5333309632593721
172,0.9124426062274543
173,0.9166846762512312
174,0.8481600687250481
175,0.8101988260735187
176,0.7962938132758142
177,0.9826065520509263
178,0.9842113554120212
179,0.9616388075867008
180,0.6244309756130164
181,0.9428360129096085
182,0.5070357134715395
183,0.9589997050012393
184,0.981173082712814
185,0.9651730938003454
186,0.9974040575418276
187,0.9585362448983372
188,0.9844569316731181
189,0.6058250011906445
190,0.06949616381037071
191,0.34484233190876734
192,0.5444079699327519
193,0.7189653031887495
194,0.8136993283695949
195,0.984253428636222
196,0.8989369616714438
197,0.9830647674405405
198,0.8781121103577737
199,0.5264439706415607
200,0.7178846851363518
201,0.2431595826352877
202,0.9857536544952831
203,0.7711229668621175
204,0.14841325603121902
205,0.9543191496607392
206,0.6598764668828103
207,0.9647937815932937
208,0.9209950138329995
209,0.8046207548560389
210,0.696150247791406
211,0.7600976674917738
212,0.8036771208075948
213,0.9772090482524464
214,0.8809247185497977
215,0.3608550796221328
216,0.9735850406508253
217,0.8594824416599074
218,0.7770690833328593
219,0.9140001908050974
220,0.9917063509456604
221,0.7913690406368445
222,0.9057862577354272
223,0.7394169593790364
224,0.9957051290475946
225,0.9103293215364329
226,0.1011238462127747
227,0.9432107163836645
228,0.9581056698106586
229,0.7912816660465625
230,0.9465805790352402
231,0.9383183652107433
232,0.8215420050192501
233,0.35378807404325785
234,0.8549070217460375
235,0.8466777684838573
236,0.760778808360765
237,0.6596100711889045
238,0.9961957863682348
239,0.9462981922797711
240,0.6564778704203861
241,0.23827778319323045
242,0.655275527610271
243,0.158573213499702
244,0.7376420329502478
245,0.9780668870420299
246,0.17545908045298286
247,0.9325691898728298
248,0.13954579935878397
249,0.9757579417110749
250,0.7680417274786061
251,0.5052884226040559
252,0.8554790996328671
253,0.958506629543673
254,0.9323535306971764
255,0.9058410436411551
256,0.8464284713008715
257,0.9033705838580559
258,0.39774563136257646
259,0.9313465612648963
260,0.8562180823227878
261,0.9619362968595191
262,0.6004762771207945
263,0.9032268849135628
264,0.8125475286758719
265,0.7230175563233694
266,0.9680169809381473
267,0.8848419188395928
268,0.9609034471072552
269,0.848942851692968
270,0.5227402401055168
271,0.9140831197547645
272,0.9307732021551282
273,0.826020245285225
274,0.8078454875796847
275,0.9938596276320949
276,0.7166277798078935
277,0.028644138643498906
278,0.9399101140897488
279,0.42088828467039874
280,0.9593869258318584
281,0.9601849347740191
282,0.7423021874374591
283,0.45235554911958054
284,0.927057420385201
285,0.8132711028321044
286,0.9951571382746797
287,0.9934889707022844
288,0.3744077208107044
289,0.8216173619997861
290,0.5236177425516664
291,0.8920564048321723
292,0.8599945758969738
293,0.2676686130938638
294,0.9885102933018928
295,0.30516207029282516
296,0.9895177745445117
297,0.6917576276371471
298,0.920388049251924
299,0.8881103902715064
300,0.5681166355130066
301,0.947187774131081
302,0.6363646808414876
303,0.541881695236377
304,0.9415280220275286
305,0.9675264038485895
306,0.8986259347289477
307,0.9421481089636029
308,0.964385014021963
309,0.2644681955998074
310,0.9540271801177004
311,0.9962661378348177
312,0.7448027206298955
313,0.9880751307509478
314,0.2038980075732576
315,0.4076151873160063
316,0.9623903032153114
317,0.17002154469276143
318,0.12427208813663482
319,0.20495262458940555
320,0.7449547489493652
321,0.9865539307955528
322,0.3634104127536635
323,0.6436572273409495
324,0.9078282634442117
325,0.7939374853754955
326,0.8288299504968939
327,0.7823518553029696
328,0.09803562516360342
329,0.8097820258910289
330,0.9778527363595796
331,0.7691460100365822
332,0.8954621919271573
333,0.09130078712204703
334,0.9679486275420569
335,0.9440083245451275
336,0.896185863680389
337,0.9209791875265009
338,0.9608353083298202
339,0.7745133032972467
340,0.029101485182231657
341,0.9951484732663156
342,0.4324974985954354
343,0.9504713203297674
344,0.47642410376734323
345,0.9184199382668445
346,0.9864416615254493
347,0.666092512618047
348,0.8996312933504842
349,0.08620017353524434
350,0.8956163938602215
351,0.8781729018209881
352,0.9892992448999415
353,0.6059032666399793
354,0.9866538015076913
355,0.9950979918991958
356,0.8681544751686765
357,0.9676670311394183
358,0.987819990566756
359,0.8042190492670197
360,0.30783088552167437
361,0.9031879252024667
362,0.2712655874247093
363,0.7742623528715682
364,0.47612078225157317
365,0.9743450408410264
366,0.46704474472951774
367,0.3529333107180901
368,0.9688203707651937
369,0.15191942537444747
370,0.9895174196090308
371,0.9685627018973545
372,0.976362723399167
373,0.1047427556488123
374,0.5314603373559401
375,0.5302820351206556
376,0.4253206473039626
377,0.9403553957430257
378,0.24655177404306416
379,0.8449839671746637
380,0.9442492312546757
381,0.9565877237979005
382,0.6671340792118158
383,0.961696258917273
384,0.7666637961798304
385,0.9478213636513706
386,0.9470597101623397
387,0.2458121618221063
388,0.4364850010468321
389,0.9432516298833696
390,0.9319309565478003
391,0.8614118186217922
392,0.92744490780547
393,0.08947705287396956
394,0.9880424958188136
395,0.45417223377984695
396,0.3848446082241609
397,0.2393330757191927
398,0.9330343348100929
399,0.6460556107820759
400,0.9674561042320519
401,0.9885170350649937
402,0.6958733052129964
403,0.9406241616343072
404,0.4138285206355362
405,0.586369522942337
406,0.9801548669877423
407,0.28785465990775505
408,0.39891014930925006
409,0.929650627152708
410,0.2832994053560445
411,0.9683861756472824
412,0.7251445468810904
413,0.7902372350947222
414,0.7175097998150133
415,0.9807649053565762
416,0.8398589486261012
417,0.8876736766191164
418,0.9856097924820364
419,0.866991466223388
420,0.42433800619267403
421,0.9641805260155757
422,0.7280605368898763
423,0.9648878192016339
424,0.34883759336439824
425,0.9782610218112519
426,0.12773818701969408
427,0.30096306146621266
428,0.7138230504115457
429,0.6573238640980938
430,0.7055061845968863
431,0.9965764459998645
432,0.9692758386968244
433,0.5832452545815396
434,0.19653397546475304
435,0.2117838501598912
436,0.9780643223606459
437,0.7542805512947994
438,0.604130268660618
439,0.857898661362734
440,0.886984197606633
441,0.9715390685333943
442,0.8478246547208478
443,0.944072461073526
444,0.9757752540276685
445,0.9138788271563351
446,0.7472471048628458
447,0.45940943464867867
448,0.6429869289291056
449,0.9572315962102899
450,0.4886543898490816
451,0.9335567987491116
452,0.9569271718970975
453,0.48037995707085046
454,0.9500693575317594
455,0.9663837855158897
456,0.9616789851764459
457,0.5461332523552976
458,0.957600197370557
459,0.7993697168241364
460,0.9906308720068231
461,0.8542755667057562
462,0.7812933044633035
463,0.964420040727733
464,0.6792747987051515
465,0.5372868887104754
466,0.903903854216596
467,0.11928471763956006
468,0.30298654208553955
469,0.7837236959403606
470,0.967773477224135
471,0.9715262822131597
472,0.9938521334596443
473,0.9394154511253907
474,0.956818903072645
475,0.9653038338982627
476,0.4495786368806832
477,0.989421857865189
478,0.9922169340344758
479,0.7436155409135186
480,0.5053143052370871
481,0.09372441072316695
482,0.9849350271523707
483,0.9574627565378038
484,0.45554416405278175
485,0.7684733649367341
486,0.3244875516494865
487,0.9895210791864166
488,0.84889928922857
489,0.7133604338516075
490,0.3391822145097222
491,0.9218248716159646
492,0.7223663832593092
493,0.627124033258177
494,0.954794566044039
495,0.9311041767554792
496,0.4878612068781917
497,0.9879785070815993
498,0.8237658230217155
499,0.5160683078426308
500,0.8136878809152681
501,0.9826476557953537
502,0.4549889717793596
503,0.9566725761057788
504,0.503997428110196
505,0.7217709080221627
506,0.9750576948393199
507,0.05987535830623314
508,0.9197607275170374
509,0.908741004530696
510,0.9803788359415282
511,0.2128723179830465
512,0.9009061136064042
513,0.9083163570146584
514,0.9908169867366231
515,0.9535352437662259
516,0.6911728476777604
517,0.5714755707760106
518,0.7398731400132021
519,0.9383291067964569
520,0.9133342686621019
521,0.8593038518396834
522,0.9927720865571571
523,0.9531998897253228
524,0.6007707454600177
525,0.7419624067078139
526,0.9556861972522447
527,0.2955311729346337
528,0.8206015433915369
529,0.7953316668354454
530,0.489514019941375
531,0.9982056521429451
532,0.7675793568419542
533,0.7851373905456704
534,0.9468957913992945
535,0.9243263263254022
536,0.9623609347957285
537,0.9890241529743654
538,0.9787579052124473
539,0.9641485428792682
540,0.9545886323037585
541,0.9563121810760394
542,0.9820360116351351
543,0.07688835977469832
544,0.7352694203232499
545,0.8165437520296259
546,0.18468198594405938
547,0.8896920014782
548,0.9941733733434975
549,0.3811957860048797
550,0.8109349809192938
551,0.4766757029456754
552,0.9021242557956958
553,0.7072547120731536
554,0.8172025922505894
555,0.9513778491002525
556,0.9238788930103095
557,0.957377427142126
558,0.983040953629993
559,0.11968227663425701
560,0.948710927225137
561,0.9775992375113063
562,0.4052113980496065
563,0.5930595094371894
564,0.9786309761165163
565,0.5903355789650107
566,0.9656000421324173
567,0.8559366489686607
568,0.9839086225399567
569,0.9285219485104552
570,0.849499268529009
571,0.6223928490741991
572,0.6672427549926083
573,0.993751377074732
574,0.6983215351722302
575,0.5780283951433383
576,0.9301304147863039
577,0.6982338565449422
578,0.4773953268377178
579,0.9576112652642276
580,0.7920771121995694
581,0.6500372498020289
582,0.827580571246364
583,0.47130460844802513
584,0.6143593778853472
585,0.9873225775080603
586,0.8174191330792208
587,0.9954976433612804
588,0.8521969848294983
589,0.957171431276337
590,0.7654227647590726
591,0.9946414976145639
592,0.5961257583191883
593,0.9067350040066158
594,0.432644544686411
595,0.8969221753557061
596,0.7929759547300539
597,0.990317586962003
598,0.3279938814256874
599,0.4558893880767301
600,0.8653558112308871
601,0.6294072052504746
602,0.9632453355740311
603,0.9926019564760649
604,0.922847848429011
605,0.9906208588616631
606,0.9726324116104118
607,0.4031824735139643
608,0.7840546676675674
609,0.9799863559316574
610,0.9931936525125135
611,0.8518813756623984
612,0.3225848640094122
613,0.926318944463106
614,0.5666490508573025
615,0.728325032103088
616,0.9600787990401565
617,0.9876325354237636
618,0.4807824440479188
619,0.9388522933018298
620,0.5046146784582068
621,0.5793708092937144
622,0.8832739124878937
623,0.7542405467834608
624,0.9596751292851948
625,0.26796668704143833
626,0.8319199079657176
627,0.9723754778454486
628,0.9036489638041894
629,0.7664206268177298
630,0.6552740075507257
631,0.696339867072186
632,0.8561860948547528
633,0.37517148913428966
634,0.37668999928056945
635,0.13249916674515982
636,0.9407472802549941
637,0.8324201739676105
638,0.21787816775774393
639,0.7927086903262452
640,0.8836666505581252
641,0.9320674430191852
642,0.7445552867846266
643,0.9496036743856215
644,0.9949682109513382
645,0.6909005551808955
646,0.09596933454166634
647,0.5477409494495384
648,0.2412328113897978
649,0.9810805763479483
650,0.14699908961556185
651,0.9788217377177131
652,0.8076171069557969
653,0.18136640665242776
654,0.6422477514000026
655,0.9258571094058555
656,0.4992651534293515
657,0.7461590246450843
658,0.23708989246132095
659,0.9436509777430758
660,0.2509343113289315
661,0.9553039617938669
662,0.9463596316314913
663,0.9051186411607912
664,0.8505102331367006
665,0.575776552729893
666,0.5781944983844471
667,0.4144409759460801
668,0.20668042670550202
669,0.5339668576408391
670,0.9540143540007325
671,0.9828444934894062
672,0.2917749400373264
673,0.9026064368276814
674,0.992814131962056
675,0.8754522734747413
676,0.36446505573798316
677,0.5724250934122849
678,0.6502676053505999
679,0.9305930478491535
680,0.8780890439809109
681,0.6673783257058072
682,0.9498328827821673
683,0.639794816856333
684,0.9002553379406542
685,0.5140448620865832
686,0.7823053343858154
687,0.9353032859020471
688,0.906302047340125
689,0.42479745528681734
690,0.9242335160021775
691,0.9787062433867566
692,0.18077566034371229
693,0.5844090320088946
694,0.3280601063447238
695,0.9295920009839898
696,0.6930302037615061
697,0.607401582037611
698,0.12764151905454302
699,0.994769381459095
700,0.8956482422608578
701,0.38589886240498716
702,0.9287533049776012
703,0.9737903763791111
704,0.2941658623911262
705,0.8509555334285532
706,0.9215969977678695
707,0.7520223945114486
708,0.9904939544159501
709,0.22129074045851804
710,0.9978451948714055
711,0.7800664363558123
712,0.9874014365933296
713,0.26203622568458607
714,0.16902219578296396
715,0.7117048264688941
716,0.9918396122908293
717,0.8036817303359374
718,0.9702484482966802
719,0.3787061405821339
720,0.9565083079053935
721,0.1967349911329599
722,0.242793610166942
723,0.26414513902343095
724,0.15541681029643228
725,0.6566252948025644
726,0.901648107097201
727,0.9713554115772687
728,0.9841155357539325
729,0.9439292179552535
730,0.9422994502485437
731,0.8784133091716112
732,0.982944151276115
733,0.7962171857066033
734,0.8124064349322697
735,0.3273704406615936
736,0.9925757836834442
737,0.9609524974209696
738,0.18990105827438652
739,0.9491061882068562
740,0.22561031734925352
741,0.8899263231639735
742,0.4454401918047568
743,0.4073062189777775
744,0.33527990571897204
745,0.8881834107415691
746,0.9834999540991206
747,0.805791528539507
748,0.9878270276051633
749,0.2726889485273367
750,0.8773582270879815
751,0.9731656550787693
752,0.043949845231935014
753,0.35870486327065854
754,0.7150538111835962
755,0.7665132772192141
756,0.7758484736185371
757,0.9267609080485277
758,0.9858507973990014
759,0.9731181581642784
760,0.9419326723279647
761,0.8739756038009112
762,0.09974019338787299
763,0.2328780805388222
764,0.1750571047987448
765,0.7474239130401215
766,0.6224061795634431
767,0.9796299803885709
768,0.9677508788775802
769,0.8546475547112795
770,0.9975774311893136
771,0.21170260584757994
772,0.43685931281205614
773,0.8298690061897223
774,0.9672840102113865
775,0.9347863303176251
776,0.6321452033270001
777,0.44615511000828956
778,0.890001255409142
779,0.9558397300546514
780,0.03224249669867241
781,0.9000597849117318
782,0.7182087095380694
783,0.9299026461785745
784,0.8584000699076082
785,0.7276470882717885
786,0.029544217972354847
787,0.9777228100844122
788,0.990615936458224
789,0.7369508327508478
790,0.8743148647846621
791,0.9711781457151007
792,0.9540427013455314
793,0.968174770847861
794,0.7908138569915845
795,0.8638470081658991
796,0.9657162624827297
797,0.9896656945602471
798,0.9702237926081374
799,0.9927210057050613
800,0.9110188526707186
801,0.6815246682012295
802,0.17010981199525754
803,0.7605727527750797
804,0.8257725806047446
805,0.9900409712624147
806,0.9871193502339062
807,0.9778517096948474
808,0.9863347767865863
809,0.37576111540032076
810,0.9856036159013408
811,0.962033701923061
812,0.5985593901364817
813,0.7063510547758205
814,0.900629323577746
815,0.6832534633496075
816,0.02890929068154824
817,0.9764796568410957
818,0.9926873721717866
819,0.8115722740493578
820,0.12180235772163439
821,0.3380914676990243
822,0.9932311032838891
823,0.9989435734396919
824,0.9512288578199564
825,0.6178713265843961
826,0.42023035521889285
827,0.9884804414393227
828,0.9864174818791327
829,0.9862731531228998
830,0.9315915612771275
831,0.9743612258453493
832,0.21822206504774844
833,0.9122604082298612
834,0.9711010267440553
835,0.8738559542848635
836,0.09301415685315473
837,0.9600917762631779
838,0.9044675884382407
839,0.9345389985248038
840,0.9435174474236386
841,0.7386189027274422
842,0.8405735703483557
843,0.4846525342657583
844,0.9745682224276963
845,0.3564030151634556
846,0.9794876974713458
847,0.8959720295212712
848,0.9900410450049018
849,0.7489592195889787
850,0.9414003981427395
851,0.7745758228841314
852,0.2863582522684418
853,0.3857784362530273
854,0.9942187354903118
855,0.9381807613423636
856,0.3506751701059666
857,0.15654954315601066
858,0.30831635300794513
859,0.15552499847977497
860,0.9260884460057995
861,0.9780240005026607
862,0.833216914573596
863,0.9421797733716233
864,0.13233724974454608
865,0.9797849347551046
866,0.9044647015881477
867,0.7380518334506658
868,0.9562163555520681
869,0.8835666929043184
870,0.9576710934875893
871,0.14733749178305722
872,0.5670889429529977
873,0.9029750492556168
874,0.8850163864448596
875,0.4308853894710688
876,0.9554756795308244
877,0.9829299143165959
878,0.8818066587510704
879,0.9477913013078882
880,0.3725745569603003
881,0.6860299611281016
882,0.9176854759533752
883,0.9022440332141703
884,0.5920150497642763
885,0.9506026912275289
886,0.6997413483448927
887,0.813379790550753
888,0.9717717322351925
889,0.40490285391506
890,0.8938511292719287
891,0.5280013313231791
892,0.9777874292671085
893,0.9709803386152741
894,0.6827468297828432
895,0.4575272369109089
896,0.6501517626426596
897,0.32995339279430813
898,0.19991089882653545
899,0.6434126331682022
900,0.99285559420197
901,0.5300833767350901
902,0.40774521588291535
903,0.06944169904781217
904,0.8109319663227513
905,0.9841355951718851
906,0.9473965643783
907,0.9126016845042049
908,0.9641188520922976
909,0.6953529101976186
910,0.9502557003439045
911,0.923812320936821
912,0.7899972945869542
913,0.9959752354458067
914,0.7990083870450455
915,0.9877862800473928
916,0.9921230896806222
917,0.9743184854562569
918,0.9597429891141626
919,0.9890951437196311
920,0.7096495158952909
921,0.316831957263645
922,0.30610634040341556
923,0.985799029819122
924,0.694311496870532
925,0.8163374680182041
926,0.9852573066085826
927,0.29395134726511685
928,0.9609510036595464
929,0.8604003207102274
930,0.952079804771795
931,0.9935869699533426
932,0.6973086543008644
933,0.8498084269284107
934,0.9948560217701459
935,0.2467416827981106
936,0.6690916672739597
937,0.9078619918018197
938,0.9547508766927096
939,0.7388190446171619
940,0.9768930932903981
941,0.6603193657573312
942,0.847627516157482
943,0.9958450478297011
944,0.9330468123914762
945,0.4068648392306591
946,0.8327241430876844
947,0.9626333006489525
948,0.9567535867127905
949,0.9721463472208941
950,0.888570040928213
951,0.9685729949501372
952,0.7994533700677353
953,0.9610351763622718
954,0.45403954163837634
955,0.3225357860788103
956,0.43883137079060663
957,0.942990425554235
958,0.9627131720808915
959,0.923583221808809
960,0.7200519492267399
961,0.10696337018283952
962,0.9931872893483893
963,0.9563850738737095
964,0.9793661695838215
965,0.8872903554977928
966,0.9474654347903735
967,0.6937980034279942
968,0.13470187340612438
969,0.8495021529333603
970,0.19636412031477324
971,0.6149531184420076
972,0.9603475911767813
973,0.5121601784076764
974,0.6671031182716172
975,0.9246313688793284
976,0.9342869372934371
977,0.4316238177515913
978,0.9118733141397831
979,0.9816271395216477
980,0.39175266181797763
981,0.5758319337500692
982,0.5259789120600109
983,0.8321124732069554
984,0.9355001751011008
985,0.16939724326905858
986,0.9890410214024863
987,0.899033080341057
988,0.9630368161996767
989,0.8244233674611268
990,0.32906881689527423
991,0.630719288338029
992,0.3963389263007564
993,0.9848580793908672
994,0.2551858630671028
995,0.15326084490990266
996,0.9748478573545528
997,0.81776546765085
998,0.7328857400957416
999,0.08577071074805365
1000,0.8985376451839289
1001,0.3323037196237203
1002,0.7847242170695234
1003,0.3434584197635415
1004,0.9799524008658385
1005,0.8970043453270846
1006,0.9846832587123405
1007,0.91912172514293
1008,0.8391458611242173
1009,0.25969937032164814
1010,0.8829429063927458
1011,0.6917907460040358
1012,0.25787406494456155
1013,0.5087614986272495
1014,0.4511575236186207
1015,0.9692639622198759
1016,0.934035379174166
1017,0.38261402406677325
1018,0.8184628365232595
1019,0.5813095196981182
1020,0.7061214954276102
1021,0.35832570739540637
1022,0.9277350337872341
1023,0.8501872776797432
1024,0.9514154286241019
1025,0.042540621002451484
1026,0.9611043680257324
1027,0.9724611537814779
1028,0.09853799010835984
1029,0.5064248104382006
1030,0.7511053986973275
1031,0.7992945680365158
1032,0.9925673256989255
1033,0.5714756966837575
1034,0.9922655889234121
1035,0.35470349949989377
1036,0.9563869333949274
1037,0.911654322121132
1038,0.9745110631659052
1039,0.9503352552698847
1040,0.5216726792506898
1041,0.7228528103146117
1042,0.7545694522220017
1043,0.7933384046986808
1044,0.45627964185186043
1045,0.5825718859527913
1046,0.4739313802981422
1047,0.6023520263868203
1048,0.7758758665829282
1049,0.9762318314161614
1050,0.9301873331842915
1051,0.9356989257760213
1052,0.8954460793451678
1053,0.8713038576320689
1054,0.9520383264151238
1055,0.9913864776113134
1056,0.8432235483966557
1057,0.9837771556297727
1058,0.8751619041098072
1059,0.960721609192888
1060,0.4205732281738347
1061,0.08669417311730854
1062,0.9530363948435889
1063,0.964353361782882
1064,0.9658490667430121
1065,0.9726276955726761
1066,0.9914685465460121
1067,0.5713597775713335
1068,0.9384635198654252
1069,0.5966875434648367
1070,0.5394666593112483
1071,0.9669504480736106
1072,0.1928412807992702
1073,0.326346809413129
1074,0.97458698127662
1075,0.844704199214732
1076,0.9260593915947524
1077,0.9752781050366783
1078,0.5533564790460207
1079,0.8787612327242332
1080,0.9593163952037639
1081,0.2643472322306093
1082,0.9768666832171007
1083,0.9924483609647029
1084,0.911406869219643
1085,0.9313200320565144
1086,0.815406579099313
1087,0.5748599414235063
1088,0.8373312950935712
1089,0.7214941723957357
1090,0.9915871065552132
1091,0.19977185671442554
1092,0.20461699655126053
1093,0.7385744011231532
1094,0.9070593563355892
1095,0.6795062256484267
1096,0.5175240718530972
1097,0.402460696838258
1098,0.3077282961160063
1099,0.902128477020041
1100,0.19647830856370563
1101,0.7676063412252632
1102,0.9436112451246694
1103,0.7071303783423031
1104,0.17871869084652114
1105,0.8986632055413434
1106,0.15957058623349973
1107,0.9797015101023816
1108,0.930938854113104
1109,0.8992272266116172
1110,0.9880926094186344
1111,0.36684169960959945
1112,0.9792570997304004
1113,0.7632986787510114
1114,0.2232284548917114
1115,0.9422529059021363
1116,0.051504863680610136
1117,0.22107584362378607
1118,0.12755044083581513
1119,0.305418266618541
1120,0.47571979054844915
1121,0.3547225893546001
1122,0.7237330837051652
1123,0.8548330289505452
1124,0.9691381230506049
1125,0.5407389532669
1126,0.997422319687963
1127,0.8511313471001878
1128,0.42654339478045433
1129,0.6788844405600417
1130,0.9229220045768476
1131,0.7331691999380505
1132,0.8823176980554367
1133,0.35405888477793424
1134,0.5645737728148681
1135,0.7316986288912737
1136,0.9661648261494755
1137,0.5576611282100916
1138,0.9766307832047614
1139,0.8834994359055875
1140,0.9592632957898829
1141,0.096417248673355
1142,0.20044858078126826
1143,0.9465586489092276
1144,0.7053037037580231
1145,0.9735012755248609
1146,0.5570616666733839
1147,0.9376502302999704
1148,0.9474782458137302
1149,0.8591322472095348
1150,0.8197766874142629
1151,0.11220722309576514
1152,0.47347871692141374
1153,0.19327829714189115
1154,0.8725958707774233
1155,0.9725885671549868
1156,0.5215015783602277
1157,0.8211723442231307
1158,0.11218049877056613
1159,0.7281675673827296
1160,0.9125087461795021
1161,0.8246953833684736
1162,0.5168061272356095
1163,0.48275437399891374
1164,0.35508582597819527
1165,0.95044396912076
1166,0.4703992602199034
1167,0.8202794701442115
1168,0.92785842279249
1169,0.9976882612523444
1170,0.5274858668431891
1171,0.500794505476422
1172,0.22307145250587135
1173,0.07092996379984462
1174,0.4124680512870773
1175,0.8517324408721327
1176,0.9824037394209731
1177,0.9905715305001966
1178,0.9259695362044049
1179,0.7042176263761684
1180,0.14430221975795698
1181,0.6660237373492195
1182,0.9939740112876558
1183,0.9784718954478608
1184,0.9633828381134436
1185,0.9517828032887768
1186,0.9631536974375572
1187,0.1289963323507659
1188,0.8538922813187063
1189,0.9918942585464627
1190,0.9702592453853377
1191,0.984752749122539
1192,0.9681253667955244
1193,0.2418167276845502
1194,0.710051249119643
1195,0.9665821949162833
1196,0.9396894178229405
1197,0.8957074260084704
1198,0.8922126958349176
1199,0.9559609932625441
1200,0.5058512132124817
1201,0.6930051844616192
1202,0.9638927608608645
1203,0.7935454147601526
1204,0.7440109407090236
1205,0.9930962725431554
1206,0.9241320708522323
1207,0.6834843983170682
1208,0.260937592937878
1209,0.6196318343898661
1210,0.9946504217515166
1211,0.9388225355130464
1212,0.020959752180972346
1213,0.4278098144550694
1214,0.8032915195047517
1215,0.9864346630658283
1216,0.9846944740688545
1217,0.9934118128697373
1218,0.9942897916346112
1219,0.8214079345554552
1220,0.9669099359302479
1221,0.17784384588979207
1222,0.9816133030785651
1223,0.30191518782784754
1224,0.9905334461588524
1225,0.9515140412697365
1226,0.9096529310700805
1227,0.6047674785655144
1228,0.8089861936756769
1229,0.8744775910774711
1230,0.502925679009885
1231,0.18819154946510597
1232,0.9719566423070849
1233,0.2051121761993897
1234,0.7823582400791591
1235,0.05166290596162215
1236,0.22389973141976116
1237,0.17737805179762078
1238,0.9194563387062232
1239,0.17734723885318915
1240,0.9358070606327327
1241,0.9680038449773345
1242,0.9020802116943787
1243,0.96955153884628
1244,0.886628713371299
1245,0.30125572100049236
1246,0.5729070405740729
1247,0.6877469880708346
1248,0.4351218674357844
1249,0.9417989676961188
1250,0.8715684920098858
1251,0.7748237519832339
1252,0.6008266331897354
1253,0.7148659841012308
1254,0.941688423120671
1255,0.9100756267805054
1256,0.9248448817731498
1257,0.7859488912003595
1258,0.22422761703437355
1259,0.9147310944236139
1260,0.9743059993914981
1261,0.9949883867836697
1262,0.8584783628334592
1263,0.9779989213170848
1264,0.10636695872932489
1265,0.17313307904612463
1266,0.9930814560738179
1267,0.2421364779129732
1268,0.9901069680805916
1269,0.5148759043571187
1270,0.9730167741623618
1271,0.9855218765831957
1272,0.9455252028052868
1273,0.9866592547159053
1274,0.6367274544575308
1275,0.9839870642087305
1276,0.913608777916981
1277,0.3053855503553189
1278,0.6595943036677212
1279,0.8598370888140345
1280,0.1869769921675708
1281,0.8187333686169418
1282,0.6324726863745973
1283,0.7355757067892665
1284,0.7023209424859482
1285,0.9895640407526914
1286,0.9343300069657499
1287,0.9721496718457863
1288,0.8118576113605602
1289,0.45041032241323964
1290,0.9516631870665109
1291,0.9637066027785406
1292,0.760046590341698
1293,0.9179288364799159
1294,0.9591359187194114
1295,0.9691353889765093
1296,0.7144040807307135
1297,0.9916894976801368
1298,0.7633557862735015
1299,0.8036033353131186
1300,0.9611657330224285
1301,0.9811386243709806
1302,0.9896859262105546
1303,0.9839332849576587
1304,0.15957764362932592
1305,0.9476359250103678
1306,0.8551008193566356
1307,0.9446284205264187
1308,0.06485380634388882
1309,0.934604480383956
1310,0.9335216252895916
1311,0.36503629624657397
1312,0.8288196580081718
1313,0.9931549620079589
1314,0.49618241975402233
1315,0.9641352066208411
1316,0.9839245710048298
1317,0.25108829796578347
1318,0.7374554287014701
1319,0.7690874007164842
1320,0.8986201508395815
1321,0.8131342538742284
1322,0.7377315634368318
1323,0.7340711510604192
1324,0.659759345737741
1325,0.5959535739909443
1326,0.6270811911793919
1327,0.8318039910174551
1328,0.9163017322526259
1329,0.8077700558780947
1330,0.7022319517441349
1331,0.976312982566454
1332,0.9850627293214183
1333,0.8252046783527557
1334,0.9565051665342563
1335,0.953990950554003
1336,0.716255719493375
1337,0.9663225887000371
1338,0.9259863805580798
1339,0.8041166844777803
1340,0.7551086083552252
1341,0.37465720223153476
1342,0.9014196378598254
1343,0.8364504196584711
1344,0.7456338807366953
1345,0.9474003168725207
1346,0.993077349409027
1347,0.9989877884983193
1348,0.993118191036292
1349,0.9671759613283707
1350,0.8295757946336317
1351,0.8768896810793716
1352,0.8070990663905145
1353,0.980740244893827
1354,0.9450023728171094
1355,0.9963675176286064
1356,0.2550073419077178
1357,0.9813793886259519
1358,0.6571887406440093
1359,0.9767689949323691
1360,0.8810406698738111
1361,0.08156615173736403
1362,0.747947339755693
1363,0.2032051598885587
1364,0.8774829005455441
1365,0.12271347274925881
1366,0.9910339388939358
1367,0.9393512352814803
1368,0.9831381505634974
1369,0.9850794077732709
1370,0.9857454199900676
1371,0.8930401947307024
1372,0.9503445786427525
1373,0.731355277706881
1374,0.9687195955914466
1375,0.13343842993756272
1376,0.9930113490038744
1377,0.5691645515127916
1378,0.8732651704867086
1379,0.7367049648379713
1380,0.9281271165291993
1381,0.9760712272223422
1382,0.30216358616830963
1383,0.9957347815185459
1384,0.12133776723119738
1385,0.9970991069396395
1386,0.641771203343635
1387,0.3002826056816804
1388,0.735457966978423
1389,0.6642819529747315
1390,0.09810622713738426
1391,0.5051915434714491
1392,0.9513637463363837
1393,0.9780855565951695
1394,0.9453199454677608
1395,0.9431742195352086
1396,0.9487738758558906
1397,0.9670724488002884
1398,0.9437084791056417
1399,0.42959374167392983
1400,0.7922586692716983
1401,0.5715496164974736
1402,0.9957728974839343
1403,0.28910555555816686
1404,0.8985233892985769
1405,0.9188232620641624
1406,0.7835913918606904
1407,0.9828381324412094
1408,0.9734514823127448
1409,0.7514737580855176
1410,0.86567597374025
1411,0.13836248130977458
1412,0.9062689078891425
1413,0.699191839561932
1414,0.9889205802986497
1415,0.995876923143608
1416,0.8370337258476066
1417,0.9893839397672771
1418,0.6830122117700037
1419,0.867794285105415
1420,0.7689018275061895
1421,0.9898624254465432
1422,0.9942739737289064
1423,0.906146959965452
1424,0.6179622517510368
1425,0.9551650355056798
1426,0.8806224950470748
1427,0.9333267821220674
1428,0.9303394251837637
1429,0.9472415130328117
1430,0.794735918041019
1431,0.961936971317375
1432,0.8853099034315397
1433,0.46690328392011204
1434,0.9719763556696431
1435,0.24790742043043257
1436,0.1440843691039846
1437,0.8365311685344469
1438,0.4110502230540104
1439,0.9941786537976879
1440,0.36115180230746546
1441,0.4720690611557268
1442,0.9704192483995004
1443,0.9326511797518054
1444,0.9832444861273709
1445,0.9735038358619329
1446,0.9727159629798147
1447,0.6914016578674441
1448,0.9040378727823872
1449,0.4854421091153397
1450,0.9626115527917134
1451,0.9277537321788287
1452,0.8719504583963249
1453,0.23407370057127108
1454,0.8223006092757768
1455,0.5082027101484943
1456,0.10478124116716603
1457,0.9896062077414625
1458,0.9738027185284643
1459,0.8308887926713879
1460,0.993888170495353
1461,0.9417566828895872
1462,0.33695010870681463
1463,0.9369696668306156
1464,0.8183483392503076
1465,0.9577618106406315
1466,0.9529298091336358
1467,0.9844163129655581
1468,0.4164309390801154
1469,0.964157731684239
1470,0.8469002005389923
1471,0.9770195101398571
1472,0.049687585756212016
1473,0.4983041343354234
1474,0.22360335476420667
1475,0.9962121921646233
1476,0.9589561719021881
1477,0.79907639943255
1478,0.882368676752671
1479,0.46377202545310414
1480,0.46235296240171175
1481,0.7741754921247679
1482,0.76267032981218
1483,0.9264467867995649
1484,0.2907455325060837
1485,0.8649593601678399
1486,0.40843285283699693
1487,0.2740873826583726
1488,0.9857514988026642
1489,0.9682434342021286
1490,0.2785490100590925
1491,0.6843934043661084
1492,0.8219346058874113
1493,0.2674345899412126
1494,0.981437139903217
1495,0.9870936049493245
1496,0.9929009361190926
1497,0.8622409187922212
1498,0.9195826297411901
1499,0.8823878784416376
1500,0.9732930150660456
1501,0.24316551396299602
1502,0.5597814040921965
1503,0.9215282723943373
1504,0.7152606688941855
1505,0.6621977466154139
1506,0.9889667126965604
1507,0.9333515789178793
1508,0.9582442385137587
1509,0.9594620800384248
1510,0.15172269805938932
1511,0.25654070498034887
1512,0.8112910804499167
1513,0.8261068632558621
1514,0.968404541580675
1515,0.8782517029084769
1516,0.9970174324574907
1517,0.6646360148076236
1518,0.8443264255678264
1519,0.984982166872663
1520,0.9465718624937738
1521,0.9313785401676564
1522,0.9395872785818715
1523,0.924177110666464
1524,0.7026930562101954
1525,0.9649180768172781
1526,0.8586209203035875
1527,0.9040454620096514
1528,0.9066338309819992
1529,0.9150384902312888
1530,0.9405507499627889
1531,0.11184252434907693
1532,0.9549778569318073
1533,0.8012203272811145
1534,0.6009029079442312
1535,0.3525055948497736
1536,0.9518327669486836
1537,0.9495847485831107
1538,0.8337999392256614
1539,0.9180554016894192
1540,0.7828605497655373
1541,0.8655130279997852
1542,0.8593597707079621
1543,0.6667282387358305
1544,0.985358689609591
1545,0.37831143588352767
1546,0.5754157634923462
1547,0.09066120631199015
1548,0.7716562305258662
1549,0.5479143908562374
1550,0.9885576686865712
1551,0.9013533674925891
1552,0.9621015638712099
1553,0.12032476323213548
1554,0.9609765502806455
1555,0.47397171642953184
1556,0.9085452654448003
1557,0.9922086905566398
1558,0.44296559633613397
1559,0.7303783111997721
1560,0.9088459838415888
1561,0.10656614746615145
1562,0.9526540558145317
1563,0.9726322235312478
1564,0.6635798985873805
1565,0.5090739725017271
1566,0.760008122873007
1567,0.9420252033357709
1568,0.9925189985527629
1569,0.3335042335412619
1570,0.8611034870416225
1571,0.17282900250219801
1572,0.9121629668445999
1573,0.04067578826528828
1574,0.1094580295184916
1575,0.7547457876881857
1576,0.6549142686216173
1577,0.7238874154326127
1578,0.2858532816439553
1579,0.9845470827385977
1580,0.9307196374017566
1581,0.763684425509471
1582,0.4726426110037659
1583,0.5235146822324042
1584,0.9467375981348959
1585,0.799238613720244
1586,0.5722898568845556
1587,0.9072152786788776
1588,0.9150516255416136
1589,0.9526515563084001
1590,0.9844234327139975
1591,0.47176669308042596
1592,0.8608966486794289
1593,0.06606424045995019
1594,0.7670252587231697
1595,0.209922538298835
1596,0.9912170472902443
1597,0.5359968104620265
1598,0.393276573278481
1599,0.8322238869949263
1600,0.0897023667023279
1601,0.7651401571328378
1602,0.709086766075989
1603,0.12175357522716168
1604,0.3976607970695786
1605,0.5467291012812312
1606,0.3938880336300793
1607,0.9987100692374212
1608,0.8904432229649673
1609,0.9234128652561872
1610,0.44431457162276866
1611,0.8451110167817859
1612,0.8290000687844539
1613,0.8605412943121141
1614,0.9551659230595183
1615,0.517099940382474
1616,0.4384124645016958
1617,0.1609543993990057
1618,0.9832302007751874
1619,0.4502897514493731
1620,0.16927126620000654
1621,0.9632410226478729
1622,0.9894459322431175
1623,0.975731631765827
1624,0.9821729472091267
1625,0.4166039074140092
1626,0.3581701376020757
1627,0.18650778808922586
1628,0.9528613903798082
1629,0.8221117773494607
1630,0.24199417895297481
1631,0.794262584065262
1632,0.9897032619386206
1633,0.6861014064813511
1634,0.9538102733258578
1635,0.6380623297650194
1636,0.8599921345513344
1637,0.9762439551223069
1638,0.8977003082448448
1639,0.9744258506763355
1640,0.9869006147290539
1641,0.3175507997990077
1642,0.993289779368321
1643,0.8335852568012139
1644,0.2028452013355062
1645,0.9938910686231504
1646,0.18484684528622553
1647,0.5738193183426408
1648,0.9061994885778647
1649,0.9898301772574071
1650,0.6000448592060033
1651,0.7224584402973113
1652,0.9747133292777063
1653,0.9193523313059839
1654,0.04410209785980612
1655,0.9913028204144254
1656,0.9510637492260492
1657,0.9812197328737755
1658,0.8846694000021612
1659,0.8710376949579232
1660,0.5269772753418576
1661,0.4651946178836772
1662,0.9942711769977379
1663,0.9328802964719144
1664,0.9585777217987972
1665,0.963267961845723
1666,0.215818351819424
1667,0.9624938342388607
1668,0.1354432321133815
1669,0.9310991902078685
1670,0.6945666922183358
1671,0.904416298996598
1672,0.8446550230016896
1673,0.4601590470277964
1674,0.9823115631649295
1675,0.9305727040482722
1676,0.9872839211186402
1677,0.9347793089241209
1678,0.863256135260027
1679,0.8670838590886787
1680,0.9292437319266842
1681,0.9308425703226235
1682,0.39542219928930333
1683,0.9842468966161734
1684,0.5531854272284953
1685,0.3154703384703148
1686,0.8907200356192347
1687,0.06578740729020527
1688,0.35501570623627365
1689,0.5186329664532752
1690,0.6589693477838358
1691,0.277199442761347
1692,0.9383250083809431
1693,0.7743099722692401
1694,0.6639690963577576
1695,0.9783184198257839
1696,0.7268545864027364
1697,0.5208184317958913
1698,0.2548633128088197
1699,0.9769839730128487
1700,0.8533715807867878
1701,0.9864819607578719
1702,0.9961638609160597
1703,0.8552006778834712
1704,0.8057154708208263
1705,0.25327199000429546
1706,0.9637962023090797
1707,0.9592289592492119
1708,0.3107517404119523
1709,0.9430469076360666
1710,0.9340807994430865
1711,0.9950452095839416
1712,0.9519274988356433
1713,0.9736891123109549
1714,0.9946167353356594
1715,0.7703851462202264
1716,0.9127919465506046
1717,0.5637648737770147
1718,0.9846354896990259
1719,0.23826226945709805
1720,0.8025982591121996
1721,0.9250484153502858
1722,0.8214643707789944
1723,0.9640216089672211
1724,0.7922178474577964
1725,0.9797381992155909
1726,0.9942727426206797
1727,0.92724601299761
1728,0.9351686948783765
1729,0.9508912877953956
1730,0.7383711365008276
1731,0.9565727516010276
1732,0.8686426433462856
1733,0.9820502908524723
1734,0.24821067041749545
1735,0.8420735032977962
1736,0.6889294615874288
1737,0.9334973357025996
1738,0.9825539190861206
1739,0.8795375878539108
1740,0.9799758691082197
1741,0.8918591170689384
1742,0.4577279688045751
1743,0.9282487973731212
1744,0.989728730121417
1745,0.28009402073565914
1746,0.9594035002119325
1747,0.2442344126660676
1748,0.8202052394842472
1749,0.9780519449947759
1750,0.9615973812904692
1751,0.9553401096242876
1752,0.9592293427919323
1753,0.518220027033186
1754,0.9434984829074591
1755,0.9903939882342163
1756,0.526881483957361
1757,0.9981299872969154
1758,0.7702063441418479
1759,0.8020248118451517
1760,0.9792931134221498
1761,0.993560481915031
1762,0.9609532050605414
1763,0.9508139984901309
1764,0.4430204839594446
1765,0.3127641675439997
1766,0.9605126428266901
1767,0.9040811594515127
1768,0.3835699036228347
1769,0.9349704104171169
1770,0.9837002561604021
1771,0.2074178032310554
1772,0.3070688507998661
1773,0.31700128227671764
1774,0.9644741825662226
1775,0.4971203602283679
1776,0.9569497809905544
1777,0.9437138509669478
1778,0.8237032965868292
1779,0.7141752846459326
1780,0.9508791091477673
1781,0.9904760978641088
1782,0.8506243408518845
1783,0.9720562582375725
1784,0.9252037525617947
1785,0.9605091575024226
1786,0.8679087246573879
1787,0.23639732601771057
1788,0.9622874462769426
1789,0.8660201384822197
1790,0.9762427394737364
1791,0.5379652284440661
1792,0.9453305270143297
1793,0.9755302611055046
1794,0.3671177524942506
1795,0.8006735685835926
1796,0.984474729822821
1797,0.20318597308462172
1798,0.8779118566293358
1799,0.9289540897456213
1800,0.9133072165190954
1801,0.7898305225129861
1802,0.8636246459549417
1803,0.9829047545028611
1804,0.9412601581124317
1805,0.9495415819608881
1806,0.9889914841094155
1807,0.9974844177950052
1808,0.2964328912139006
1809,0.9939288567605629
1810,0.4693384548562992
1811,0.7468963019335617
1812,0.9568438924120837
1813,0.8727519157165026
1814,0.9837404233245393
1815,0.40588778775858114
1816,0.7968695589522766
1817,0.5861020797157671
1818,0.985912522625024
1819,0.3145690491091626
1820,0.5825883188545586
1821,0.9756127609883304
1822,0.9779825711469201
1823,0.7511331556533525
1824,0.7667296110306299
1825,0.9632886769024618
1826,0.7848162147623701
1827,0.9956588963729017
1828,0.17038423514123902
1829,0.7959270718220708
1830,0.9451276930208232
1831,0.9632030486717554
1832,0.8544117032420585
1833,0.8964399532879366
1834,0.9324940160139892
1835,0.677182641626658
1836,0.9474526208883257
1837,0.9643107183318735
1838,0.9798498955015982
1839,0.25707273669405917
1840,0.6038376753265845
1841,0.8803710550911167
1842,0.9836960428929439
1843,0.9693625732522768
1844,0.9933047928484317
1845,0.9936311379830605
1846,0.9273576413907009
1847,0.5652011562119583
1848,0.15609077743843713
1849,0.9774649969591751
1850,0.977882976840708
1851,0.9905322962824084
1852,0.07917029654537555
1853,0.2170872297408546
1854,0.9901559600537038
1855,0.43198971658740926
1856,0.3198599184659795
1857,0.990328159439781
1858,0.8638450194050142
1859,0.9828122266847378
1860,0.9746951093646774
1861,0.8663533035218678
1862,0.8841105092581458
1863,0.8115911663832376
1864,0.9601292249074505
1865,0.9918524998727658
1866,0.9644331623837165
1867,0.4309576503062702
1868,0.9647289236798386
1869,0.8930051011675615
1870,0.9593818907681025
1871,0.8839523063562922
1872,0.29689057493884674
1873,0.6344010280970476
1874,0.2733103325540922
1875,0.8921222358497614
1876,0.9580557828874354
1877,0.9748672449864428
1878,0.9403419027961145
1879,0.853900022962044
1880,0.29117264285606714
1881,0.7887591058665349
1882,0.9923284821042915
1883,0.6143175002327794
1884,0.9732545801003222
1885,0.8316576051130224
1886,0.5938027407477009
1887,0.9202334278229067
1888,0.920770086450079
1889,0.8791494634693496
1890,0.8963147586786128
1891,0.7031271402005705
1892,0.9643492538197384
1893,0.4134580386140244
1894,0.8618777185029662
1895,0.9136144895566309
1896,0.9799890200986103
1897,0.9005945527669645
1898,0.9357942648490256
1899,0.9135901716960578
1900,0.9091285538317594
1901,0.9978029627005636
1902,0.9729131268222344
1903,0.9674327280326328
1904,0.7713212005541573
1905,0.06972622764278036
1906,0.596627609316362
1907,0.9469410026347397
1908,0.8156329076585135
1909,0.6158122594638271
1910,0.6325190243266793
1911,0.6821493891744039
1912,0.8952090433133385
1913,0.9819862238814631
1914,0.28889872783492665
1915,0.8187294376104108
1916,0.740089390234923
1917,0.9783330471065943
1918,0.8622614067888159
1919,0.9859083069935206
1920,0.9639706077746739
1921,0.126188355788581
1922,0.9958105351802328
1923,0.8229808764786398
1924,0.9587431120714842
1925,0.43335472118127016
1926,0.1922152121822409
1927,0.2361093686382605
1928,0.6969301205232277
1929,0.9739470815811071
1930,0.9750699072311264
1931,0.15747545521593054
1932,0.8451904366229731
1933,0.5788008008867902
1934,0.9816927207742134
1935,0.9752517144924288
1936,0.9743563779167396
1937,0.5257851250566825
1938,0.9464100980221778
1939,0.7177199400132583
1940,0.28508236865589487
1941,0.9766440475210365
1942,0.7665593514757478
1943,0.11164260276644467
1944,0.9790775109917682
1945,0.8801383697616503
1946,0.8492444140614762
1947,0.8905525729444658
1948,0.8958753554384429
1949,0.9707987430059476
1950,0.9894430060055392
1951,0.9689300189535752
1952,0.6092286787413457
1953,0.09782788576361923
1954,0.6706857220845004
1955,0.9841360712688721
1956,0.6472344729856481
1957,0.5433833388809295
1958,0.981304215006701
1959,0.3447743805895045
1960,0.9442332648438113
1961,0.9853360127701978
1962,0.6030704266720086
1963,0.17691469682702654
1964,0.27872410345148413
1965,0.15252534423976483
1966,0.8614425786931509
1967,0.9945971642267509
1968,0.9090080230948732
1969,0.8862170581738541
1970,0.797372257679701
1971,0.9187176050401837
1972,0.9359970530245401
1973,0.11914979330070896
1974,0.9545662043052872
1975,0.8346494798136819
1976,0.9296142274773734
1977,0.23331134030489797
1978,0.9292437319266842
1979,0.1425028407782336
1980,0.9598852991433852
1981,0.9875182500137243
1982,0.8924453335957957
1983,0.8756568583510808
1984,0.480546918448836
1985,0.9768970709912342
1986,0.7860287407511866
1987,0.9652827247028544
1988,0.9923669564559466
1989,0.9267634176808848
1990,0.7549988173836483
1991,0.8380003762928085
1992,0.9847436961055986
1993,0.817230623651147
1994,0.901693936188049
1995,0.7423442126548655
1996,0.38427677978722763
1997,0.9707295982214038
1998,0.31473471762179484
1999,0.981882471883297
2000,0.9908869691509928
2001,0.9779811627190756
2002,0.9183926416763905
2003,0.24959535182444448
2004,0.9631845580108843
2005,0.6582350848791307
2006,0.9910516335912315
2007,0.8519316640219036
2008,0.8772669978597819
2009,0.9701090173308872
2010,0.9944614078132945
2011,0.9567463297885521
2012,0.8951424141391723
2013,0.9623640909601034
2014,0.8198313393703571
2015,0.8594294269871106
2016,0.9760719584302198
2017,0.9626705177841611
2018,0.1897873252626563
2019,0.20946596003008422
2020,0.8091771494648959
2021,0.8517326114364693
2022,0.860106335661688
2023,0.1937967283487908
2024,0.8989531568529076
2025,0.9301294206578139
2026,0.722166979795677
2027,0.7896445783296466
2028,0.433083701088429
2029,0.4059512209003192
2030,0.9416334656584121
2031,0.9785014314044116
2032,0.8777819868584968
2033,0.8331834994683724
2034,0.8647170842077099
2035,0.9030965707765124
2036,0.2928803902862288
2037,0.8834677210892379
2038,0.6638586524615988
2039,0.9770902988267699
2040,0.853578476635305
2041,0.9832923534509724
2042,0.6025989268019296
2043,0.8856533042061859
2044,0.15478299840080212
2045,0.8409932621586292
2046,0.9448161742436697
2047,0.5071138853105136
2048,0.9766588410388405
2049,0.16126851695512323
2050,0.931880639079975
2051,0.9858282667208861
2052,0.07732466444745156
2053,0.9338895362987496
2054,0.9007847497598097
2055,0.16405077740727114
2056,0.828744658912407
2057,0.4406011201145855
2058,0.6496478212929291
2059,0.9721901463384339
2060,0.9558069722750716
2061,0.8234167945997292
2062,0.17140339735031462
2063,0.5579516127870985
2064,0.31308103454506786
2065,0.5496979176058625
2066,0.9747681350054441
2067,0.1782347420551056
2068,0.49286507881949493
2069,0.9459685413751039
2070,0.9723424045813479
2071,0.7090594664706515
2072,0.9476013062146739
2073,0.9945725260269267
2074,0.77325055853305
2075,0.9892416397356277
2076,0.8247624042346625
2077,0.9527426094054241
2078,0.9310342092901304
2079,0.2589502687187889
2080,0.8709738018847488
2081,0.8585180089422642
2082,0.9798580004213711
2083,0.3159391509452074
2084,0.9745217872813561
2085,0.07041178185083652
2086,0.40044258531498944
2087,0.32284088610746675
2088,0.7662549080831406
2089,0.8606052771520918
2090,0.5532505079010208
2091,0.8637211347809322
2092,0.6145808773285883
2093,0.8989528908680089
2094,0.6703353177692253
2095,0.04423731722325974
2096,0.8835237637801019
2097,0.9543646013398834
2098,0.8760901109800369
2099,0.9486844300881975
2100,0.9550228149732892
2101,0.8181344581751134
2102,0.7624256115111573
2103,0.8211369268942301
2104,0.8911301357545124
2105,0.37714849722848454
2106,0.3793368490934361
2107,0.17844044540760862
2108,0.8098900090081022
2109,0.9741387199686097
2110,0.8333605485111926
2111,0.9497207232524119
2112,0.9342622321655787
2113,0.7803842706450901
2114,0.9931859898433988
2115,0.7830695331940984
2116,0.8871968926040167
2117,0.968607854854844
2118,0.925448748052489
2119,0.7789385368716025
2120,0.7029046693414367
2121,0.981312707957927
2122,0.30738571911113444
2123,0.9598183628658437
2124,0.9091065618930325
2125,0.18306225743886861
2126,0.9423027520086316
2127,0.9185819412715259
2128,0.9825278074480338
2129,0.9664181839436742
2130,0.987167829694153
2131,0.9458604389187627
2132,0.9809908789915753
2133,0.8171545807688249
2134,0.9790766193338456
2135,0.23170950283404068
2136,0.8093124984534992
2137,0.9649029253191409
2138,0.990998763020293
2139,0.27402938547706845
2140,0.9827741391065016
2141,0.9543155395919007
2142,0.3174859733023704
2143,0.8289747519051618
2144,0.9900135885863763
2145,0.819046805811074
2146,0.8638001649389198
2147,0.7136815868802115
2148,0.7355651830087255
2149,0.8881934708865432
2150,0.9737069919392041
2151,0.7245044785397179
2152,0.3897582357416426
2153,0.80879332189592
2154,0.9633860585612606
2155,0.44766137909800574
2156,0.9855686585886193
2157,0.9421222220854151
2158,0.7949919910761698
2159,0.9676128724215718
2160,0.6464691386499488
2161,0.9526195906038858
2162,0.9250100193457904
2163,0.9816903082708451
2164,0.9808711174046503
2165,0.9827728448601925
2166,0.8464808758319058
2167,0.9738804893223572
2168,0.25125317972811345
2169,0.9229220732726072
2170,0.9837842845679114
2171,0.41790049378551564
2172,0.6379598227772252
2173,0.8628411512423375
2174,0.8230572012068039
2175,0.8142445492272077
2176,0.11152415052653875
2177,0.521810548212264
2178,0.6776192841966643
2179,0.6843687364524245
2180,0.9855687001470634
2181,0.20766153854212155
2182,0.0763382692482849
2183,0.9765300811008715
2184,0.8837775813246584
2185,0.7474627779679259
2186,0.9660459421162165
2187,0.15094003339311934
2188,0.6363236679010003
2189,0.8495777351310404
2190,0.9123384698849096
2191,0.6256839295114894
2192,0.8521709520618342
2193,0.8659341057542692
2194,0.9929899454684404
2195,0.9382888739550794
2196,0.9790109547641042
2197,0.9905183584373679
2198,0.6884573796972675
2199,0.8911667904522506
2200,0.9313364692965156
2201,0.12732578711673093
2202,0.3100014170442831
2203,0.9725511038233
2204,0.7746075306386132
2205,0.5767037516211528
2206,0.7282172208441418
2207,0.8343955989260695
2208,0.9494033410062364
2209,0.9827766416398372
2210,0.9855539576632428
2211,0.6490384604987216
2212,0.7967847249743265
2213,0.9946014001381396
2214,0.9845803004439688
2215,0.34657072205935235
2216,0.7273867605871829
2217,0.9580239755966239
2218,0.909429204295057
2219,0.4679123885787151
2220,0.9194201035879623
2221,0.5052388959151927
2222,0.9674137603783838
2223,0.9487989173771522
2224,0.8445383346463033
2225,0.6884043540833902
2226,0.7015572128493124
2227,0.852433512721651
2228,0.9307765589369112
2229,0.9746175674900217
2230,0.12277041845907033
2231,0.4338813365505563
2232,0.9524830932492728
2233,0.9350614235023328
2234,0.18509034649733425
2235,0.10669624754369178
2236,0.8683381398493124
2237,0.9723795957809895
2238,0.26219884249536696
2239,0.8499909924458326
2240,0.9620732192478875
2241,0.8467704812347573
2242,0.570019990965078
2243,0.7783877097589896
2244,0.9026674216585446
2245,0.4341614823866148
2246,0.9279960706127762
2247,0.9284245941458156
2248,0.9858350864656319
2249,0.9042504456006817
2250,0.9679394368522691
2251,0.9156465238746628
2252,0.6897489769987388
2253,0.9134203664258849
2254,0.9840525628542751
2255,0.25533103013150094
2256,0.9741116409276237
2257,0.8542787711952503
2258,0.42984589475581836
2259,0.7878588542408663
2260,0.9853340976577523
2261,0.2615400458505328
2262,0.45275448880611424
2263,0.9647902783915833
2264,0.9650886943724918
2265,0.8535292888288969
2266,0.9593195584674991
2267,0.8350072354233498
2268,0.9622469534624405
2269,0.358043567426338
2270,0.8394014776051457
2271,0.8144688667200072
2272,0.7852955877206453
2273,0.9921903003971466
2274,0.9960416296150228
2275,0.9304916053339252
2276,0.19173715102842348
2277,0.9683946029139009
2278,0.9664284810517815
2279,0.7636883814379156
2280,0.6310016329122496
2281,0.9539120421276448
2282,0.3097165699937171
2283,0.988169445203208
2284,0.8843183029323465
2285,0.7660129053758498
2286,0.8934703755744815
2287,0.9465067255669682
2288,0.96118123782412
2289,0.9533673696977875
2290,0.17651080392551644
2291,0.2587746698253023
2292,0.978189623070155
2293,0.4784918634739892
2294,0.7393715821578812
2295,0.9046498885249357
2296,0.8310389092777046
2297,0.9555078780148154
2298,0.3706350194267676
2299,0.49900410556887864
2300,0.9892307089113253
2301,0.942303862305173
2302,0.5911730504703714
2303,0.7261225841858703
2304,0.922072418635382
2305,0.028742645163088554
2306,0.4076733052641004
2307,0.34337582670961475
2308,0.03550297130910396
2309,0.23315721244840082
2310,0.38535500452331606
2311,0.9969517310000044
2312,0.12393957218628604
2313,0.048008538629004116
2314,0.8570721938009362
2315,0.9772765335391878
2316,0.8596192714707805
2317,0.8889310595353399
2318,0.6082143365089696
2319,0.29962630896192344
2320,0.9091856174895191
2321,0.9786470210961676
2322,0.9310512443088043
2323,0.9697370447514007
2324,0.9287457838253598
2325,0.5432775925901261
2326,0.9231434516241332
2327,0.9429101322234956
2328,0.6520847410959623
2329,0.9678737391917096
2330,0.20318491870328437
2331,0.15135425050664564
2332,0.455492117758863
2333,0.9855116702109513
2334,0.9682178474667839
2335,0.6730815854294301
2336,0.5185977009069305
2337,0.26502665409042225
2338,0.9894547875843439
2339,0.9931960415225927
2340,0.9834454788159682
2341,0.5283551546005029
2342,0.7021278249617493
2343,0.4906336175750141
2344,0.14274349846682532
2345,0.9540099856662742
2346,0.9643724891495274
2347,0.927596985521205
2348,0.9574562043217857
2349,0.3386239924312532
2350,0.2492690632152167
2351,0.9469790882882787
2352,0.9696094283538212
2353,0.4594683992593215
2354,0.9783606200177447
2355,0.992756565958432
2356,0.19951087311639704
2357,0.9645048017176006
2358,0.945529213451848
2359,0.6860126087522043
2360,0.7576226737857701
2361,0.9502215053699727
2362,0.33848988608199515
2363,0.5221512277346694
2364,0.8397029503613328
2365,0.8115597796290533
2366,0.8884419284691204
2367,0.2828005881184168
2368,0.9395066917729169
2369,0.9750399595186132
2370,0.981319303658019
2371,0.8901873829213984
2372,0.37519069523834336
2373,0.9528399586262568
2374,0.987515725195751
2375,0.9320362071086544
2376,0.9884985607531348
2377,0.9554253972131713
2378,0.8525603163274809
2379,0.8980143530443135
2380,0.27885406865918827
2381,0.33340368236269624
2382,0.7970145273328425
2383,0.7579076104049605
2384,0.994393216419247
2385,0.8775867403826241
2386,0.9802100260716936
2387,0.978860555905687
2388,0.9936774939264794
2389,0.9355411153219404
2390,0.4550267037848167
2391,0.9144565930052073
2392,0.7961712967329491
2393,0.9630832496640862
2394,0.9266379632035256
2395,0.5904112632318594
2396,0.9751071564732275
2397,0.7293385211539088
2398,0.9841179590963182
2399,0.99256418814838
2400,0.6649202046283538
2401,0.8472803251538319
2402,0.8851864959501174
2403,0.9564882938104952
2404,0.878539611894869
2405,0.6788126277599964
2406,0.6373378395079224
2407,0.9377657806778263
2408,0.9647126380299261
2409,0.18582837663619167
2410,0.5586831046271983
2411,0.1272571515649592
2412,0.9338690259553251
2413,0.8440195463336021
2414,0.9761473465022642
2415,0.9101221107681562
2416,0.9921753736231301
2417,0.7080968679504687
2418,0.8880048412981751
2419,0.71760904667377
2420,0.7644501272321277
2421,0.3315517284276177
2422,0.9780551253025381
2423,0.8360887091915089
2424,0.9896742157942008
2425,0.41026243647855576
2426,0.9315765014319073
2427,0.9755697094244459
2428,0.12133628525086948
2429,0.9697485895638278
2430,0.9613160363858707
2431,0.9128332694554642
2432,0.7463067348658479
2433,0.1316436996095922
2434,0.8484752828259915
2435,0.9738688268092605
2436,0.9813850937320396
2437,0.9209615313078875
2438,0.9671470610427587
2439,0.9147507994819009
2440,0.721362698709995
2441,0.28310742651897514
2442,0.3904705198953139
2443,0.9841120974935454
2444,0.9780109356302917
2445,0.9821086016030576
2446,0.9895077274649079
2447,0.6708917459370614
2448,0.6339398199786705
2449,0.9131082576041815
2450,0.9901070003493858
2451,0.2816648758661301
2452,0.08618960563711064
2453,0.8635505023586408
2454,0.13484077522048787
2455,0.9511440939112425
2456,0.6007442412163492
2457,0.5237530933744456
2458,0.9829233865655417
2459,0.9372179295179957
2460,0.9729932956104432
2461,0.8540636895168814
2462,0.7321302746949969
2463,0.9324440259535963
2464,0.6643618890274807
2465,0.7126118437444791
2466,0.9798062269730846
2467,0.9358045784726302
2468,0.9711098960619482
2469,0.7907521013145078
2470,0.9866155243872465
2471,0.4695905180766028
2472,0.31613386532601173
2473,0.49943873298806873
2474,0.9292346198137504
2475,0.7099745382678064
2476,0.9841420681619341
2477,0.17350837339951597
2478,0.989118015358227
2479,0.3674333662623148
2480,0.970686346110861
2481,0.9858971900931305
2482,0.9877137990584007
2483,0.5921357675442427
2484,0.3076962808622282
2485,0.7192401430486277
2486,0.9703520086175279
2487,0.9586144474339764
2488,0.3483272792253843
2489,0.8995679481631315
2490,0.923816773356294
2491,0.9979361532008608
2492,0.9065077881402727
2493,0.9963234944126056
2494,0.2496353719067228
2495,0.9316897205121888
2496,0.7010981773421736
2497,0.39090043009688336
2498,0.7244253811757263
2499,0.7914852125867944
2500,0.9041775532688929
2501,0.9890875848875809
2502,0.9893874158161731
2503,0.9771240159821901
2504,0.8937809973088068
2505,0.8172057800316872
2506,0.27397574010316705
2507,0.2709946803376474
2508,0.9601944912246743
2509,0.9357085234715894
2510,0.8933184613084717
2511,0.827595587504437
2512,0.8583086168141183
2513,0.7979791701581803
2514,0.0844677492612339
2515,0.8770701214002055
2516,0.7500598491393664
2517,0.9034305970690015
2518,0.6557551620656007
2519,0.6915462758905468
2520,0.9969598633865505
2521,0.7739658843095869
2522,0.8962611818442625
2523,0.11313611124312328
2524,0.6377749783411125
2525,0.9148356888085201
2526,0.9550414269897504
2527,0.9630548709926863
2528,0.03461796820269425
2529,0.15404656808743766
2530,0.717737132075701
2531,0.5521223886466062
2532,0.9892714334046336
2533,0.8469195464244146
2534,0.9774260397669274
2535,0.9377540898734997
2536,0.28697855594888666
2537,0.42265036239373144
2538,0.9489559089439341
2539,0.6393441007693725
2540,0.7121066180624441
2541,0.9673245501690024
2542,0.9832511912890013
2543,0.567368291533402
2544,0.837047836985758
2545,0.9680397127536875
2546,0.998761041925038
2547,0.2980445941443338
2548,0.9926597755588441
2549,0.9648907011025961
2550,0.9820479306531859
2551,0.9193015679466231
2552,0.9757893044921347
2553,0.9187559790614919
2554,0.7399826170439039
2555,0.9393648470714573
2556,0.1650629710809739
2557,0.43583471062484114
2558,0.8478857846457477
2559,0.9625204601478544
2560,0.44730158426733213
2561,0.9149129010644171
2562,0.7379650832945528
2563,0.7226354556135076
2564,0.9356712639701696
2565,0.7469437584191121
2566,0.909038054144021
2567,0.7658130734319806
2568,0.13158323297784558
2569,0.7565117805264708
2570,0.3682396398245015
2571,0.45511762299346425
2572,0.9266908699001135
2573,0.977185935244071
2574,0.898213924461394
2575,0.09294811318696772
2576,0.9913617049044925
2577,0.9884127667863608
2578,0.981177651735892
2579,0.46023842161775297
2580,0.9813597937446616
2581,0.6805666566208326
2582,0.9089140756094416
2583,0.8509634267003323
2584,0.7684598881534301
2585,0.9108162944480115
2586,0.9556585494600751
2587,0.9042409692245963
2588,0.6404799918539332
2589,0.5267289113670341
2590,0.8626730209371886
2591,0.9669234917457016
2592,0.15517243826677285
2593,0.9594571828585867
2594,0.5082645601841967
2595,0.975940996874319
2596,0.9369463197313245
2597,0.9513036960557139
2598,0.5655389921071762
2599,0.9585288787017174
2600,0.8991825155674499
2601,0.7045109482322878
2602,0.5572670465463732
2603,0.9880978484318055
2604,0.9130204655143421
2605,0.7057530638309752
2606,0.2726776254451244
2607,0.949668860672451
2608,0.7569159898917858
2609,0.4978792487316761
2610,0.9642834267464323
2611,0.9621862776162619
2612,0.9198290148510166
2613,0.9270222589076883
2614,0.9316693011942262
2615,0.9617973599502968
2616,0.9420923218228393
2617,0.46694777149278055
2618,0.6674170818648726
2619,0.933597730465554
2620,0.8627378245879465
2621,0.9855618445815865
2622,0.8022788839703724
2623,0.9547475736587828
2624,0.9938169848150418
2625,0.9886891851501306
2626,0.47911014856541134
2627,0.9591188055111945
2628,0.995083504166151
2629,0.15576644988822108
2630,0.7068925243673998
2631,0.9833537517731343
2632,0.8649572115854666
2633,0.9341804187184815
2634,0.9337611481977108
2635,0.6682319421307545
2636,0.5393729138256633
2637,0.98772631045597
2638,0.5238812064993927
2639,0.5573973919242335
2640,0.5568683634374543
2641,0.8885013556997047
2642,0.9094890152065176
2643,0.2404181971642133
2644,0.9758386256814389
2645,0.9676515261882206
2646,0.4525699323117556
2647,0.8905531576908389
2648,0.8721106362611275
2649,0.9691227195891302
2650,0.9004186584957544
2651,0.9797643533077476
2652,0.947829750294257
2653,0.3138881028455087
2654,0.40467519533556284
2655,0.4847526630947415
2656,0.9222179281596566
2657,0.8161863244182446
2658,0.9572638473993537
2659,0.4345142324763378
2660,0.678192363723406
2661,0.37800361622807743
2662,0.9958178710719059
2663,0.8575957362383758
2664,0.9055972539072061
2665,0.3229820919862698
2666,0.9852849723643916
2667,0.9814503952527062
2668,0.44878136213736175
2669,0.9362595182822171
2670,0.21292216887218507
2671,0.9580522991857754
2672,0.4828578580985762
2673,0.9868519569228419
2674,0.9309773684162558
2675,0.9210616742349519
2676,0.9439349886261063
2677,0.9900841834337991
2678,0.1430923477331284
2679,0.9128727992675878
2680,0.8241799377599168
2681,0.2460320143564716
2682,0.25956102721552354
2683,0.4468985639259281
2684,0.9882383597142653
2685,0.9101122351817305
2686,0.9509775233088429
2687,0.9194422083998076
2688,0.9798392795025965
2689,0.7482652588995298
2690,0.5142887832348291
2691,0.9239821523650658
2692,0.7555977795096366
2693,0.25596454944936264
2694,0.9578038271877434
2695,0.956631409843574
2696,0.9952991539539869
2697,0.7627454407758236
2698,0.9481767530267836
2699,0.5342621095087072
2700,0.7496099696111167
2701,0.690921236148967
2702,0.9950111687299822
2703,0.8741671805918478
2704,0.14256858751964818
2705,0.871108163846391
2706,0.9436077719967162
2707,0.9683046654242418
2708,0.7518826973632606
2709,0.9149631912255081
2710,0.9926996507680395
2711,0.9651694583194859
2712,0.9790903901130583
2713,0.9505069974835045
2714,0.967431838213322
2715,0.968586525735088
2716,0.9741052251446991
2717,0.09989247169628745
2718,0.36555835100881817
2719,0.9253343735931847
2720,0.5617916231736275
2721,0.18729402922488325
2722,0.9635653197548605
2723,0.785642175317027
2724,0.9796212291553624
2725,0.8898090234264482
2726,0.814574814280444
2727,0.7927114504666883
2728,0.9821570490113093
2729,0.9870751019063279
2730,0.9406134142009989
2731,0.29441257455109504
2732,0.6502950221871496
2733,0.3654460138971435
2734,0.8707556900023244
2735,0.9921438543003219
2736,0.988483462071887
2737,0.974577180871625
2738,0.9736087264655084
2739,0.5312763355738238
2740,0.06797142086004349
2741,0.9416612327245513
2742,0.3840133876225499
2743,0.952173169555562
2744,0.32350514081820847
2745,0.7881675467681428
2746,0.9764560595410584
2747,0.9914227743176436
2748,0.9359021827127698
2749,0.9234092231311322
2750,0.4047142105550623
2751,0.972222028543602
2752,0.9769962584497414
2753,0.9682900087241367
2754,0.9456044261744566
2755,0.41250575563783975
2756,0.8934384126728524
2757,0.5334619623051027
2758,0.8013643512739818
2759,0.9264508976055954
2760,0.9563772465576075
2761,0.9957285557070583
2762,0.9850301003348815
2763,0.1637084071554744
2764,0.9094784255514223
2765,0.9453520300586192
2766,0.746909225874008
2767,0.5629647802289806
2768,0.17482411265939535
2769,0.8136161643246922
2770,0.5072736953717278
2771,0.9803936139482329
2772,0.4774764068649674
2773,0.6999358910277123
2774,0.830950655745514
2775,0.9622044388424178
2776,0.3691940334135432
2777,0.8535494216114465
2778,0.9976197305645936
2779,0.4930798173154316
2780,0.9920157990258139
2781,0.9682513005702206
2782,0.9084018618133699
2783,0.9897617443179948
2784,0.19674121577275894
2785,0.5076440196182588
2786,0.9202982842017778
2787,0.3712834854416285
2788,0.9801416931812854
2789,0.9488387390458642
2790,0.9805541446757091
2791,0.3260302351165343
2792,0.9701326426458171
2793,0.9732527987831661
2794,0.9446926343563593
2795,0.9785407901375489
2796,0.6357547220684969
2797,0.9561479013150954
2798,0.6043318154416091
2799,0.05727750505444906
2800,0.9836902795408342
2801,0.4797855514863586
2802,0.5527546864165869
2803,0.16990954352551724
2804,0.887696743562841
2805,0.9814872534126018
2806,0.9726375000296298
2807,0.9603922182890753
2808,0.8732009324466783
2809,0.9347973689525098
2810,0.9576856748223517
2811,0.9737788586327524
2812,0.7772454637836504
2813,0.9258896165817387
2814,0.47823916567175395
2815,0.9563559527290888
2816,0.9847120839987509
2817,0.5820400714136734
2818,0.5703736006588763
2819,0.90296103249373
2820,0.9589493793320056
2821,0.9438032117659265
2822,0.9516972822216953
2823,0.9616191848102915
2824,0.19422449741538006
2825,0.90607796831726
2826,0.9659561688995013
2827,0.7821862288886785
2828,0.9843268876446114
2829,0.9235399917864762
2830,0.9369038312231718
2831,0.7655823955196721
2832,0.9768813558520002
2833,0.007325245717530682
2834,0.7024421524646809
2835,0.8707037912906553
2836,0.9596769903014106
2837,0.9793381559591822
2838,0.844966292742745
2839,0.9373595492048379
2840,0.985634052496728
2841,0.8535268471717239
2842,0.9385311170566693
2843,0.17987850362280144
2844,0.19012538835818893
2845,0.2434212217248124
2846,0.9048137887656067
2847,0.948788114501116
2848,0.951534185409429
2849,0.5245165707922421
2850,0.9326737360108045
2851,0.913608811377505
2852,0.9252359844839592
2853,0.9366308004758741
2854,0.1776117071154294
2855,0.9498746112833929
2856,0.8582182374586504
2857,0.3665850517600704
2858,0.6315830829631303
2859,0.989426298839618
2860,0.9965816983879281
2861,0.9205767602555037
2862,0.17491077928414467
2863,0.9550040224021074
2864,0.6028740674623427
2865,0.6284380793827837
2866,0.7435492612047521
2867,0.9540738423977263
2868,0.5265724771904393
2869,0.9821051806138472
2870,0.9766666315758886
2871,0.8626961875956332
2872,0.45223205943638445
2873,0.0935618857417656
2874,0.7757179891635171
2875,0.974542084588718
2876,0.9725901208133052
2877,0.41140948406282984
2878,0.9919083347413539
2879,0.6427087935069866
2880,0.9680602377384459
2881,0.07840316903401323
2882,0.9200273959225281
2883,0.4511244451235147
2884,0.6908417208110865
2885,0.9204864260289968
2886,0.6902260278965981
2887,0.9236518681955097
2888,0.30457453649504995
2889,0.9691416790555664
2890,0.6002218358174412
2891,0.9928741325672791
2892,0.8547176079774375
2893,0.9868474222923692
2894,0.9170920696324127
2895,0.3508627873684178
2896,0.5196691500510051
2897,0.884258181200653
2898,0.26865774836771816
2899,0.15098773732640414
2900,0.9762396901602135
2901,0.8241584702202231
2902,0.14071630000295932
2903,0.9888535389956898
2904,0.9144928187093032
2905,0.9442926708727577
2906,0.7586358578392194
2907,0.4286920476208793
2908,0.9771282387366094
2909,0.7908571711519232
2910,0.21878711830513142
2911,0.8876747704870387
2912,0.8114862767150524
2913,0.7135221059452697
2914,0.9289811592756685
2915,0.6101167033365071
2916,0.9960180619330601
2917,0.5216617789497415
2918,0.9013994997084367
2919,0.9840931323084311
2920,0.9773875406113351
2921,0.40271951836720776
2922,0.7457230829820267
2923,0.9176774107285582
2924,0.9900041112604983
2925,0.8192262122524627
2926,0.9874744641519365
2927,0.9486121159363645
2928,0.9524920853350064
2929,0.782463962637406
2930,0.6327145828856504
2931,0.9901195929708578
2932,0.9928093835904184
2933,0.57600410931753
2934,0.9270342663660344
2935,0.6185397345464818
2936,0.9897911713574988
2937,0.9181694900321863
2938,0.46444677316150607
2939,0.8349495318451852
2940,0.9927828881658537
2941,0.5390237816045578
2942,0.25704588043292687
2943,0.5790600219586848
2944,0.9886173006502937
2945,0.1775858285959544
2946,0.9324089098296394
2947,0.972872246429286
2948,0.3034736990146728
2949,0.9800405065459941
2950,0.9980149150939508
2951,0.914416773455737
2952,0.9521212339383056
2953,0.21643676227515707
2954,0.6212635969549514
2955,0.16971810045978364
2956,0.9376316843411586
2957,0.2166840769405286
2958,0.9857014490855738
2959,0.9619227245736333
2960,0.28246296648081604
2961,0.9562178787561216
2962,0.7479515100445351
2963,0.9904951172578893
2964,0.1894131800579414
2965,0.9775647956717084
2966,0.7183091466637233
2967,0.42202309005779437
2968,0.9655134578828828
2969,0.7036998265259808
2970,0.966843625466865
2971,0.627390493357799
2972,0.8548062544720334
2973,0.9874739605810153
2974,0.6071334511148103
2975,0.9914601161333123
2976,0.9411848751582548
2977,0.5618504968304219
2978,0.80289663450567
2979,0.726311585643969
2980,0.9622175717869463
2981,0.9338992925514797
2982,0.3393457500011289
2983,0.9564387472088455
2984,0.4630420382846979
2985,0.6746028202804379
2986,0.9551865731584145
2987,0.9413761359879902
2988,0.4718607732625858
2989,0.7318921300785768
2990,0.6005153337359626
2991,0.9724722426188961
2992,0.44632779857020743
2993,0.22039263683826216
2994,0.15498772650779113
2995,0.7112629138417875
2996,0.997948544288324
2997,0.7415765042691278
2998,0.8696556520570705
2999,0.9824186524809005
